{
  "Id": "ghfear.XLShredDisableAutocatch",
  "DisplayName": "XL Shred Disable Autocatch",
  "Author": "GHFear (adapted by blendermf)",
  "Version": "0.0.1",
  "ManagerVersion": "0.12.3",
  "Requirements": [ "blendermf.XLShredMenu-0.0.4" ],
  "AssemblyName": "XLShredDisableAutocatch.dll",
  "EntryMethod": "XLShredDisableAutocatch.Main.Load",
  "HomePage": "https://github.com/blendermf/XLShredLoader",
  "Repository": "https://raw.githubusercontent.com/blendermf/XLShredLoader/master/repository.json"
}
