{
  "Id": "rafahel_mello.XLShredDynamicCamera",
  "DisplayName": "XL Shred Dynamic Camera",
  "Author": "Rafahel Mello (adapted by blendermf)",
  "Version": "0.0.5",
  "ManagerVersion": "0.12.3",
  "Requirements": [ "blendermf.XLShredMenu-0.0.4" ],
  "AssemblyName": "XLShredDynamicCamera.dll",
  "EntryMethod": "XLShredDynamicCamera.Main.Load",
  "HomePage": "https://github.com/blendermf/XLShredLoader",
  "Repository": "https://raw.githubusercontent.com/blendermf/XLShredLoader/master/repository.json"
}
