{
  "Id": "ghfear.XLShredRealisticVert",
  "DisplayName": "XL Shred Realistic Vert",
  "Author": "GHFear (adapted by blendermf)",
  "Version": "0.0.3",
  "ManagerVersion": "0.15.0.0",
  "Requirements": [ "blendermf.XLShredMenu-0.0.5" ],
  "AssemblyName": "XLShredRealisticVert.dll",
  "EntryMethod": "XLShredRealisticVert.Main.Load",
  "HomePage": "https://github.com/blendermf/XLShredLoader",
  "Repository": "https://raw.githubusercontent.com/blendermf/XLShredLoader/master/repository.json"
}
