{
  "Id": "kiwi.XLShredDisablePushReduction",
  "DisplayName": "XL Shred Disable Push Reduction",
  "Author": "Kiwi (adapted by blendermf)",
  "Version": "0.0.1",
  "ManagerVersion": "0.12.3",
  "Requirements": [ "blendermf.XLShredMenu-0.0.4" ],
  "AssemblyName": "XLShredDisablePushReduction.dll",
  "EntryMethod": "XLShredDisablePushReduction.Main.Load",
  "HomePage": "https://github.com/blendermf/XLShredLoader",
  "Repository": "https://raw.githubusercontent.com/blendermf/XLShredLoader/master/repository.json"
}
